文化传媒,265
金改,266
参股新三板,267
海洋经济,268
西气东输,270
节能照明,278
PM2.5,279
污水处理,280
建筑节能,281
固废处理,283
脱硫脱硝,284
新能源,285
新能源汽车,286
页岩气,287
天然气,288
核电,289
生物质能,290
锂电池,291
稀土永磁,294
石墨烯,295
碳纤维,296
特钢概念,297
3D打印,299
智能电网,300
特高压,301
机器人概念,302
美丽中国,303
物联网,306
云计算,307
宽带中国,308
智慧城市,309
安防,310
触摸屏,312
移动支付,313
苹果概念,314
家用电器,316
食品安全,318
猪肉,319
电子商务,322
生物医药,323
医疗改革,324
智能医疗,325
老龄化,326
海工装备,330
卫星导航,331
稀缺资源,332
黄金概念,333
煤化工,334
水价改革,335
新疆振兴,337
5G,346
新股与次新股,353
新型城镇化,361
节能环保,371
风电,373
太阳能,374
军工,378
水利,380
创投,381
新材料概念,391
高端装备,393
融资融券,400
预警机,404
转融券标的,406
迪士尼,408
生态农业,409
金融IC,413
土地流转,418
大数据,420
智能眼镜,421
智能穿戴,424
足球概念,425
互联网金融,426
手机游戏,428
网络安全,429
草甘膦,431
充电桩,433
乳业,434
特斯拉,438
上海自贸区,439
电子发票,444
在线教育,445
养老地产,446
智能家居,447
参股民营银行,449
期货概念,450
天津自贸区,451
去IOE,452
互联网彩票,453
民营医院,456
一带一路,459
物流电商平台,461
在线旅游,462
油品改革,463
三胎概念,465
通用航空,466
冷链物流,467
蓝宝石,469
芯片概念,478
高送转,491
禽流感,498
尾气治理,499
超导,500
京津冀一体化,506
粤港澳大湾区,509
沪股通,512
养老概念,513
白酒概念,514
光伏概念,520
智能电视,521
航天军工,523
医疗器械概念,525
金属镍,527
汽车电子,528
小金属概念,531
氟化工概念,532
高铁,533
无人机,535
大飞机,536
国产软件,537
钛白粉概念,538
基因测序,539
职业教育,1548
电力改革,1550
中韩自贸区,1552
维生素,1553
央企国企改革,1554
染料,1561
网络游戏,1562
P2P概念,1565
两桶油改革,1567
跨境电商,1568
阿里巴巴概念,1570
殡仪服务,1573
赛马概念,1574
PTA,1577
燃油,1578
螺纹钢,1579
普麦,1580
体育产业,1581
金属锌,1588
焦煤,1593
油菜籽,1594
金属铜,1595
养鸡,1596
焦炭,1598
菜籽粕,1599
纤维板,1602
菜籽油,1604
白银,1610
聚氯乙烯,1611
铅,1612
玻璃,1614
轧板,1616
线材,1617
强麦,1618
橡胶,1619
晚籼稻,1621
早籼稻,1622
棉,1623
白糖,1625
甲醇,1626
铁矿石,1627
福建自贸区,1629
黄豆,1631
玉米,1632
棕榈油,1633
动力煤,1634
工业4.0,1638
参股券商,1639
参股保险,1642
西安自贸区,1645
农机,1646
乡村振兴,1649
农村电商,1653
江苏国企改革,1658
硅铁,1660
金属锰,1661
医药电商,1867
指纹支付,1869
基因疗法,1871
电动汽车,1872
移动互联网,1874
油品升级,1876
车联网,1877
生物育种,1879
徐翔概念股,1906
供应链金融,1908
虚拟运营商,1912
集成电路概念,1926
南京国企改革,1928
能源互联网,1931
证金持股,2003
ST板块,2007
高校,2745
地下管网,3934
PPP概念,3935
振兴东北,5750
深股通,10346
王亚伟持股,10703
杭州亚运会,13259
互联网医疗,13865
健康中国,13866
东盟自贸区,13867
首发新股,13911
虚拟机器人,13921
虚拟现实,13922
征信,13924
垃圾发电,13975
数字电视,13977
循环经济,13978
铁路基建,13982
成渝特区,13983
流感,13984
东盟北部湾,13986
三网融合,13988
央企控股,13990
多晶硅,13991
海南旅游岛,13993
海峡两岸,13996
舟山新区,13998
横琴新区,14000
两江新区,14002
磷化工,14004
奢侈品,14005
生物疫苗,14006
平潭免税区,14008
铀矿,14009
油页岩,14010
IPV6,14016
PVC,14017
滨海新区,14019
藏药,14020
冬虫夏草,14021
大消费,14022
低碳,14023
时空大数据,14024
丁二烯,14025
防辐射,14026
废气处理,14027
分离膜,14029
供气,14030
光伏玻璃,14032
光热发电,14033
轨道交通,14034
国际板,14035
海水淡化,14036
航空租赁,14037
国产航母,14038
己二酸,14040
节能电机,14044
抗癌,14045
可燃冰,14046
类稀土,14048
煤层气,14050
纳米,14051
铌,14052
尿素,14053
铅蓄电池,14055
浦东前滩,14056
轻型合金,14057
燃料电池,14058
人民币升值,14060
三农,14061
烧碱,14063
体外诊断,14066
外贸,14067
网络电视,14068
稀缺煤,14070
稀有金属,14071
校车,14072
新媒体,14073
岩棉,14075
仪电仪表,14076
元器件,14077
转基因,14078
分布式发电,14080
合同能源管理,14081
智能交通,14082
成都天府新区,14084
三沙,14085
再生金属,14088
南海,14089
高性能膜,14090
南沙新区,14091
东北亚经贸中心,14092
儿童消费品,14093
黔中经济区,14094
重金属治理,14096
NFC,14097
油气管网,14098
TDI,14099
西尼罗病毒,14101
排水,14102
浦东新区,14104
抗艾滋病,14105
中字头股票,14106
中朝贸易区,14107
炭疽,14108
无线充电,14110
登革热,14111
民营金融,14113
IGBT,14114
锂矿,14116
油气开采,14117
医保目录,14118
地热能,14119
干细胞,14120
诺贝尔,14121
霍乱,14122
危废处理,14123
WIN升级,14124
太赫兹,14125
手足口病疫苗,14126
维稳,14127
游艇,14128
收入改革,14130
环渤海,14131
南水北调,14132
抗寒,14134
天然气管道,14135
TMT,14136
量子科技,14137
中原经济区,14139
S股,14140
基因芯片,14141
西咸新区,14142
现代服务业,14145
节水灌溉,14146
洞庭湖生态经济区,14148
西电东送,14150
B转H,14151
移动转售,14152
人脑工程,14154
铁路混改,14156
CAD,14157
含B股,14158
三旧改造,14159
GEP,14160
语音技术,14161
4D打印,14162
风沙治理,14163
冠状病毒,14165
超级电容,14167
猪瘟疫情,14168
辉钼,14169
金融信息服务,14170
碳交易,14172
铟,14173
二手车,14175
汽车关税下调,14176
安徽城镇化,14177
碳海绵,14178
工业母机,14179
内存,14180
北京大兴机场,14181
空中巴士,14182
电解锰,14183
结核病,14184
环保包装,14185
智能手表,14186
新疆旅游,14187
中非合作,14188
绿色建筑,14189
制冷剂,14192
农业供给侧改革,14195
重庆水资源,14197
抗旱,14202
聚乳酸,14205
新疆电源项目,14206
三星,14207
棉花种植,14208
鱼蛋白,14212
氨纶,14213
再生水,14216
普洱茶,14217
郑州航空港,14218
达菲,14219
板蓝根,14220
广东基建,14221
江苏污水处理,14222
西沙旅游,14224
吡啶,14225
猪肉收储,14227
小额再贷款,14230
长江防护林,14232
渤海粮仓,14233
环氧树脂,14235
水产品,14237
传感器,14238
POCT,14239
量子霍尔,14240
营改增试点,14241
炭素,14243
翡翠,14244
病毒检测芯片,14252
番茄酱,14255
黄金暴跌受益,14257
碳纳米管,14261
五一出境游,14265
尿不湿,14266
钨,14267
甘蔗废料利用,14268
核高基,14269
家禽养殖,14270
造纸转暖,14271
工业节水,14272
锗涨价,14275
海洋油污清理,14277
陶瓷产品,14280
林场改革,14281
遥感技术,14282
LNG动力船,14283
硝酸,14284
激光器,14288
眼动技术,14289
人参,14292
国改双百行动,14293
土豆,14297
超硬材料,14300
钠离子电池,14301
金属镁,14303
农业信息化,14304
液氯,14305
抗肝癌,14308
金属回收,14309
福建污染减排,14312
福建物联网,14313
牛羊肉,14315
新疆发展,14316
可降解塑料,14317
沥青,14318
独家医药品种,14319
肾透析,14320
太阳能热水器,14321
大豆,14322
有轨电车,14323
合成革,14328
广西中医药,14330
电子纸,14334
广州旅游,14335
铂矿,14337
石墨烯油墨,14338
云服务,14340
保健品,14341
天然气锅炉,14343
环境监测,14344
量子计算,14345
葡萄酒替白酒,14348
移动pos机,14349
OLED,14351
基金三方销售,14352
流媒体,14353
指纹技术,14354
炭黑,14356
饮料,14357
人脸识别,14360
中瑞自贸协定,14361
LNG加气站,14363
手机芯片,14364
LNG汽车,14365
碳化硅,14367
ATM机,14368
消防装备,14369
数字音乐,14370
超级计算机,14373
棉纱,14375
液态金属,14376
大容量通信,14378
高温概念,14379
公路建设,14380
电子书,14381
余额宝,14382
无人岛开发,14383
灾备存储,14384
小额贷款,14385
磷酸铁锂,14386
固态硬盘,14387
溴素,14388
锌二氧化锰,14389
电梯概念,14391
棚户区改造,14392
数字出版示范,14393
生态城乡,14394
食品包装,14395
双氧水,14396
体育用品,14398
空气净化,14399
疫苗存储,14401
膜材料,14404
OGS触控屏,14405
海底隧道,14406
两轮车,14407
疟疾,14408
眼科医疗,14409
机器视觉,14410
百度概念,14411
油价上调,14412
体感交互,14413
智能路由器,14415
乙肝治疗,14416
上海金改,14418
武汉光谷,14419
地震,14423
小米概念,14424
有机硅概念,14425
胰岛素,14426
虚拟导游,14427
忆阻器,14428
无人驾驶,14429
骨传导,14430
纳米抗擦墨,14431
互联网平台,14432
矿山生态修复,14433
箱板纸,14434
血液制品,14435
有机食品,14436
饲料,14437
工控信息安全,14438
船舶升级概念,14439
味精,14442
电子标签,14443
腾讯平台,14445
调味品,14446
新疆建设兵团,14447
数据存储,14448
磁悬浮,14449
微电子,14450
松脂,14452
羊绒,14454
石灰石,14455
甲乙酮,14456
体感3D,14457
易信,14458
奶牛养殖,14459
文具,14460
银联,14461
盐酸,14462
兰新白试验区,14463
诺基亚,14464
嘉兴土改,14465
配电网,14466
农业合作社,14467
福建土改,14468
电子政务,14470
深紫外光,14471
参股外资金融,14472
博彩,14473
百度金融,14474
信托概念,14476
移动购物,14477
武汉金改,14478
丙烷脱氢,14479
机构重仓,14481
新型杀菌剂,14484
分布式燃气发电,14485
超级稻,14487
电子车牌,14488
人工角膜,14489
电缆,14492
APEC会议,14493
珠海国企改革,14494
参股基金,14495
水域改革,14496
自动售货机,14498
西部开发,14499
福建基建,14500
丝绸,14501
口罩,14502
融资租赁,14503
移动电源,14505
海岛整治修复,14506
煤矿安全,14508
核污染防治,14509
月球车,14510
合肥迪士尼,14511
工业用地,14513
癌症定量检测,14516
淘宝手机,14517
煤头尿素,14518
雷达,14519
广东国企改革,14520
春运,14522
华为概念,14523
青岛自贸区,14525
智能表,14527
圣诞节,14528
单抗,14531
车用尿素,14532
国家科技大会,14533
工业大麻,14534
云印刷,14535
专网通信,14536
中俄自贸区,14537
湖南国企改革,14538
SNS概念,14539
舟山自贸区,14540
啤酒概念,14542
优先股概念,14545
春节概念,14546
黄金水道,14549
铜冶炼,14553
汽车制造概念,14554
私人飞机,14555
通信基站,14556
钼,14559
海上风电,14560
大上海,14561
京东概念,14563
安徽自贸区,14564
厄尔尼诺概念,14567
国产替代,14568
全息手机,14569
微信概念,14570
细胞免疫治疗,14574
冬奥会,14575
锌电池,14577
电视游戏,14578
埃博拉概念,14579
聚土地概念,14580
LG概念,14581
鸡尾酒,14583
BIT概念,14584
国产伟哥,14585
依法治国概念,14587
水处理膜,14619
壳资源,14621
裸眼3D,14622
汽车电商,14624
中澳自贸区,14628
流量银行,14629
马歇尔计划,14630
智慧停车,14631
园林开发,14632
不孕不育,14635
临近空间,14639
地方国企改革,14640
透明计算,14641
永磁高铁,14642
移动金融,14643
老八股,14645
北部湾自贸区,14646
幼儿教育,14648
黑磷,14649
禁毒概念,14651
石墨烯手机,14652
中以自贸区,14653
河南自贸区,14654
智能汽车,14655
互联网券商,14656
互联网电力,14657
互联网,14658
明星参股概念,14659
智能自行车,14660
超材料概念,14661
供销社,14663
长江经济带,14664
互联网期货,14665
互联网钢铁,14666
平面媒体,14667
金控平台,14668
中巴经济走廊,14670
珠海主题公园,14672
交通一卡通,14673
中医药,14674
新疆自贸区,14675
象牙加工销售,14676
兽药,14677
稀土整合,14678
黄光裕概念,14679
新兴板概念,14681
史玉柱概念,14682
智能纤维,14684
MERS概念,14685
消费金融,14686
节能减排,14689
首都副中心,14694
航运系,14695
招商系,14696
国投系,14697
航天系,14698
中船系,14699
太空望远镜,14700
广告营销,14701
物产系,14703
人民币贬值受益,14704
农垦改革,14705
工业互联网,14706
阅兵,14707
静安闸北合并,14709
军民融合,14710
油气装备,14712
中国科学院系,14713
电梯物联网,14714
青蒿素,14716
网络视频,14717
海绵城市,14718
双十一,14719
扶贫开发,14720
国开行,14721
新版人民币,14722
中概股回归,14723
存准率扩围,14728
反恐,14981
众筹概念,15113
动漫,21258
东湖高新园区,21271
IP概念,25429
土壤修复,35428
SDR概念,35442
珠港澳物流合作园,39490
智能服务,39493
音乐产业,41483
能源纸,50280
人造太阳,50286
增强现实,60650
钒电池,68844
富勒烯,74781
SAAS,86882
火箭军,96585
智能终端,100631
数字货币,132747
虹膜识别,142054
重庆自贸区,142130
陕西自贸区,142146
智能建筑,147307
食盐,161934
寨卡病毒概念,162217
钌催化剂,166417
腾讯概念,189235
联想概念,189305
绿色消费,189321
游轮,189353
引力波,189366
航空发动机,189741
土地增值,190488
食用油,191758
狂犬病,191778
摘帽,191927
新型烟草,210236
电子竞技,210386
人民币防伪,220819
气凝胶,226479
租售同权,234146
乙二醇,249253
人工智能,251840
聚丙烯,252413
抗辐射药,252415
特种玻璃,252432
老字号,252444
电子信息,252448
保障房,252449
油改气,252450
多肽药,252451
鼠疫,252452
换芯,252453
高岭土概念,252454
塑化剂,252456
一元股,252458
家庭农场,252459
公共交通,252461
航运概念,252463
光纤,252465
航空航天,252469
玻璃纤维,252471
纳米纸,252473
净水概念,252475
油价下调,252478
中德合作,252481
秸秆综合利用,252482
涉矾,252483
胶原蛋白,252488
心脏支架,252489
台风影响股,252490
手足口病,252491
柴油发电,252493
移动入口,252494
致密气,252495
搜索引擎,252497
佛山金改,252498
宝马概念,252499
钒涨价,252509
人工降雨,252510
电动汽车租赁,252512
幕墙,252513
焦虑症,252514
情人节,252515
有声读物,252516
百草枯,252518
三氯甲烷,252519
月饼,252520
全运会,252521
聚碳酸酯,252522
哮喘,252523
细胞运输膜融合,252524
避孕套,252534
嫦娥概念,252538
村镇银行,252539
互联网保险,252542
农信社改革,252543
广东自贸区,252544
二维码识别,252546
武汉自贸区,252547
大连自贸区,252549
兰州自贸区,252552
互联网银行,252555
黄金租赁,252556
智能物流,252557
中央政务区,252558
阿糖胞苷,279373
大运会,288158
服务外包,288159
钢结构,288160
奥运会,288162
蜱虫,288163
世界杯,288166
机器人材料,288168
外汇局持股,342268
区块链,342603
债转股(AMC概念),343716
网络直播,367476
参股360,423621
3D玻璃,539930
快递,540055
魔兽概念,555526
智能音箱,607178
手势识别,709360
HPV疫苗,803787
网约车,838079
恒大概念,859112
参股万达商业,996812
蚂蚁金服概念,1049886
PCB概念,1229220
股权转让,1434767
智慧党建,1612369
票交所,2018220
共享单车,2130149
共享汽车,2183856
微信小程序,2326232
有色铝,2548235
钴,2839076
共享办公,2841305
塑料钞票,2973501
雄安新区,3251138
正定新区,3589716
雄安环保,3600569
雄安地热,3600767
雄安基建,3600806
雄安金融,3600843
雄安地产,3602850
雄安交通,3604521
新零售,3894668
特色小镇,3912108
兜底增持,3952947
MSCI概念,4031659
王者荣耀,4060820
无人零售,4262908
杭州湾大湾区,4487436
萤石,4540957
沪锡,4545540
丙烯,4545549
粳稻,4556136
淀粉,4556137
丙烯酸,4619650
联通混改,4703603
养老金持股,4725018
新能源物流车,4978935
燃料乙醇,5015486
雄安软件,5020918
装配式建筑,5022192
光通信设备,5070699
云通信,5172340
安徽国企改革,5172550
四川国企改革,5172554
河南国企改革,5172555
湖北国企改革,5172557
甘肃国企改革,5172584
山东国企改革,5172586
贵州国企改革,5172591
天津国企改革,5182246
浙江国企改革,5182280
陶瓷电容,5288940
住房租赁,5371679
储能,5382451
自由贸易港,5393130
超级品牌,5502211
靶材,5575676
特朗普访华,5610612
宁德时代概念,5642340
辽宁国企改革,5659290
科技保险,5752107
共享医院,5773567
空铁WIFI,5773593
互联网大会,5836054
边缘计算,5846476
厕所革命,5846574
石墨电极,5926636
冰雪产业,5947326
砷化镓,5951774
互联网法院,6101423
紫光系,6127968
增碳剂,6182519
国家大基金持股,6193221
动力电池回收,6232814
水泥概念,6238057
显卡,6316026
铝电解电容,6429620
无感支付,6429634
铬铁,6504242
吉林国企改革,6505971
K12教育,6541952
驾驶培训,6542842
镍氢电池,6542858
盐湖提锂,6542884
全面屏,6543677
AI芯片,6562107
机器学习,6562137
除雪概念,6562147
服务机器人,6562167
休闲零食,6625393
电阻,6625716
GPU,6626188
环球主题公园,6626203
正极材料,6626210
医疗机器人,6627076
锂电隔膜,6627250
农村环境治理,6627269
潮汐发电,6628469
挖掘机,6646103
农村金融,6646314
潜水运动,6669977
存储芯片,6671459
分子诊断,6672057
抗肿瘤,6675369
建筑涂料,6688596
电解液,6692127
硅晶圆,6708674
图像识别,6711036
富士康概念,6782192
屏下指纹技术,6782416
湖南自贸区,7057879
军用无人机,7057896
民用无人机,7057900
金属锑,7058235
金融科技,7058468
互联网家装,7058497
数字营销,7059576
医学影像,7059961
飞机租赁,7107488
芯片设备,7108223
芯片制造,7108570
芯片封装测试,7108571
芯片材料,7108576
钛,7133974
大国重器标的,7156630
芯片设计,7156956
人机交互,7160547
智能金融,7160560
负极材料,7160922
锂电原料,7182270
锂电设备,7183587
独角兽概念,7206959
广播电视,7313647
影视娱乐,7314371
数字阅读,7314372
网络媒体,7340543
数字视觉,7341076
创新药,7341090
农业种植,7341514
锂电制造,7341607
工业机器人,7341977
军用机器人,7342555
挖矿设备,7372979
区块链底层,7446354
区块链应用,7446355
区块链储备,7446364
中粮系,7448117
中材系,7448584
际华系,7448585
诚通系,7526102
中航系,7526183
中兵系,7526214
中远系,7526229
中铁系,7526230
5G主设备,7527304
光纤光缆,7527824
5G运营商,7527829
基站天线,7552025
基站射频,7552030
移动射频,7552047
移动天线,7552048
京东金融概念,7578051
新能源整车,7632598
电机电控,7633460
商超百货,7649919
商品新零售,7650280
便利店,7650439
基建工程,7656583
机械装备,7657191
工程建材,7658668
航运港口,7675843
大疆创新概念,7698543
贸易战受益股,7747235
化肥,7747340
VR设备,7884142
VR平台,7884149
VR游戏,7884150
VR直播,7884173
仿制药,8003233
共享经济,8118512
物联网感知层,8118594
VR影视,8143516
物联网平台层,8143971
知识产权保护,8168357
物联网应用层,8168738
物联网传输层,8168740
粗苯,8169078
数字中国,8219520
无人银行,8243247
液化气,8287018
MTBE,8287022
氧化铝,8287582
粘胶短纤,8287870
PA66,8287875
涤纶,8309870
锦纶,8340635
成泉资本持股,8420882
正丁醇,8446105
环氧丙烷,8446106
乙烯,8446107
甲醛,8446110
面粉,8495956
双胶纸,8495977
白炭黑,8600136
白马爆雷,8623187
醋酸,8666224
MDI,8666423
电石,8666424
硫酸钾,8668259
硫酸铵,8668536
硝酸钠,8668541
活性炭,8668742
硫磺,8668749
纸浆,8670988
白卡纸,8670989
磷酸一铵,8671241
片碱,8671242
氯化铵,8671245
环己酮,8672050
三聚氰胺,8677263
氢氟酸,8677264
固态电池,9081883
送转填权,9122537
MCU芯片,9212593
参股安世半导体,9228675
短视频,9257337
全屋定制,9338637
海底捞概念,9369944
油气运输仓储,9432427
化妆护肤品,9748309
范冰冰概念股,9846928
美团概念股,10011861
网易概念,10011864
北汽新能源,10949996
海航系,11308119
安邦系,11512983
超级高铁,12074434
医药安全,12300881
facebook概念,12399721
宝能系,12650919
进口博览会,12754476
谷歌概念,12773609
中国电科系,12806977
西藏国企改革,12808222
抖音概念,13038095
苹果期货,13040571
蔚来汽车概念,13387295
消费电子概念,14119946
电信业整合,14484328
山西国企改革,14541043
平安资管持股,14959127
OLED材料,15005310
OLED面板,15005375
OLED显示模组,15005394
OLED芯片,15005417
OLED设备制造,15005423
海南自贸区,16609536
长三角一体化,17728724
高送转预期,17966064
芬太尼,19319529
腾讯音乐概念,19774561
新基建,21592590
小猪佩奇,22552310
半年报预增,22571872
商汤科技概念,22574506
商誉减值,22596064
柔性屏,22623792
MSCI预期,22665496
超清视频,22671690
电力物联网,22689778
数字孪生,22692796
网络切片,22693092
太空互联网,22696269
氢能源,22707736
外资券商影子股,22744053
融媒体,22750268
透明工厂,22761299
超级真菌,22767035
厚朴系,22767453
黑洞概念,22769891
华为汽车,22770429
态势感知,22779986
郭台铭概念,22785921
台湾概念股,22786166
甲酸,22810329
人造肉,22831662
红枣,22831751
旅游,22855848
草地贪夜蛾防治,22858962
数字乡村,22860005
华为海思概念股,22862281
国产操作系统,22868197
脑机接口,22871589
动物疫苗,22880654
药品信息化追溯,22896634
银屑病,22899850
乳粉,22907531
黑龙江自贸区,22910359
ETC,22914121
烟草,22943752
垃圾分类,22964146
创业板重组松绑,22965632
仿制药一致性评价,22977262
光刻胶,23061254
激光,23069446
金刚石（线）,23103253
宠物经济,23128208
分拆上市意愿,23192993
覆铜板概念,23193649
标普道琼斯A股,23279314
感知氧气,23337051
VPN,23351386
智慧政务,23370148
玻尿酸,23394885
密码安全管理,23407348
无线耳机,23429818
阿尔茨海默概念,23430579
非科创次新股,23464520
胎压监测,23528054
TOF镜头,23558358
云游戏,23565261
澳交所概念,23568207
MiniLED,23570759
网红经济,23604574
HJT电池,23677628
云办公,23722615
消毒剂,23732915
医疗废物处理,23736758
氮化镓,23788819
数据中心,23847598
寒武纪概念,23944957
C2M概念,23949488
富媒体,23997987
新三板精选层概念,24087652
REITs概念,24124103
生物安全,24218586
精装修,24223973
EDA设计软件,24229848
免税店,24235853
快手概念,24246883
室外经济,24252276
国六概念,24257766
盲盒,24263151
抖音小店,24313870
富时罗素概念,24347111
中芯国际概念,24393139
NMN概念,24452767
滴滴概念股,24489799
汽车拆解概念,24563541
肝素,24575222
代糖概念,24610276
注册制次新股,24650860
核准制次新股,24650861
科创次新股,24650886
第三代半导体,24719083
辅助生殖,24959071
拼多多概念,24965537
社区团购,25049808
医美概念,25073731
小鹏汽车概念,25131475
理想汽车概念,25131478
以纸代塑概念,25209914
煤炭概念,25265815
物业管理,25371758
同花顺漂亮100,25439322
新冠检测,25451147
汽车芯片,25559758
碳中和,25672273
光伏建筑一体化,25717852
鸿蒙概念,26270529
共同富裕示范区,26327892
牙科医疗,26389009
CRO概念,26485039
专精特新,26726295
碳基材料,26808931
PVDF概念,26862686
北交所概念,26864183
NFT概念,26893351
元宇宙,26900506
抽水蓄能,26901085
三氯化磷,26952456
绿色电力,26985875
虚拟电厂,26986180
培育钻石,27120510
换电概念,27138097
电子皮肤,27240131
WiFi 6,27240632
智能制造,27247746
六氟磷酸锂,27276445
虚拟数字人,27319643
集装箱,27362163
ABF载板,27382270
数据安全,27383171
EDR概念,27424055
汽车热管理,27440799
高压快充,27441052
铝离子电池,27453093
DRG/DIP,27490808
柔性直流输电,27496889
预制菜,27617946
幽门螺杆菌概念,27625950
新冠治疗,27683311
重组蛋白,27699000
数据交易中心,27713782
射频器,27725238
东数西算（算力）,27748558
硅能源,27755205
太空经济,27768691
民爆概念,27769554
冬奥纪念品,27818100
智慧灯杆,27883321
俄乌冲突概念,27927242
中俄贸易概念,27945818
跨境支付（CIPS）,27946125
钾肥,27971819
托育服务,27991813
金属铅,28006219
电子身份证,28026566
数字经济,28028573
盐野义概念,28045848
辉瑞概念,28045933
瑞德西韦,28045988
国资云,28059200
低辐射玻璃（Low-E）,28066264
建筑节能概念,28067627
华为鲲鹏,28067761
家庭医生,28073786
华为欧拉,28092211
疫情监测,28093058
毛发医疗,28114163
外贸受益概念,28119973
MicroLED概念,28139274
北京自贸区,28159405
统一大市场,28230387
肝炎概念,28306331
露营经济,28383798
噪声防治,28409398
千金藤素,28423649
方舱医院,28424534
台积电,28463660
猴痘概念,28469076
新冠疫苗,28495071
粮食概念,28502649
人力资源服务,28516170
超超临界发电,28586701
纯碱,28586856
比亚迪概念,28596598
质子交换膜,28630421
F5G概念,28630438
一体化压铸,28724788
生物质能发电,28869643
钙钛矿电池,28883705
TOPCON电池,28884056
减速器,28940560
扁线电机,28966307
先进封装（Chiplet）,29003576
空气能热泵,29032151
信创,29285189
Web3.0,29647962
高压氧舱,29675500
高血压药,29683476
AIGC概念,29696753
国四概念,29699042
PET铜箔,29735076
抗原检测,29735585
国企改革,29765040
抗病毒面料,29765963
数据确权,29819732
熊去氧胆酸,29856223
POE胶膜,29874334
新冠特效药,29927756
血氧仪,30004542
蒙脱石散,30062418
成飞概念,30263881
ChatGPT概念,30272129
共封装光学（CPO）,30355374
数字水印,30385032
毫米波雷达,30450292
6G,30516622
6G概念,30517371
超导概念,30581670
第四代半导体,30621177
ERP概念,30665813
MLOps概念,30772187
数据要素,30822493
液冷服务器,30890097
同花顺中特估100,30999093
MR（混合现实）,31116486
英伟达概念,31185627
空间计算,31262480
算力租赁,31270027
减肥药,31738466
